﻿<?xml version="1.0" encoding="utf-8"?>
<overTargetMarkers>
  <definition>
    <author>sirmax2</author>
    <mod-version-min>2.0</mod-version-min>
    <game-version>0.7.2</game-version>
  </definition>
  <components>
    <friend>
      <combatScrollText>
        <enabled value="true"/>
        <speed value="2"/>
        <maxRange value="40"/>
        <textSize value="14"/>
        <message>Готов</message>
        <prefix>-</prefix>
        <postfix/>
        <filter type="DropShadowFilter" size="1" angle="45" distance="1" color="0x000000" alpha="100" strength="200"/>
      </combatScrollText>
      <currentHealth>
        <format size="11" align="center" bold="true"/>
        <filter type="DropShadowFilter" size="1" angle="45" distance="1" color="0x000000" alpha="100" strength="60"/>
        <maxValue enabled="true"/>
      </currentHealth>
      <healthBar>
        <border size="1" color="0x000000" alpha="50"/>
        <fill width="40" height="3" alpha="80"/>
        <damage fade="1" alpha="30"/>
      </healthBar>
      <healthRatio>
        <format size="11" align="center" bold="true"/>
        <filter type="DropShadowFilter" size="1" angle="45" distance="1" color="0x000000" alpha="100" strength="60"/>
      </healthRatio>
      <playerName>
        <format size="13" align="center"/>
        <filter type="DropShadowFilter" size="3" angle="0" distance="0" color="0x000000" alpha="100" strength="200"/>
      </playerName>
      <vehicleIcon>
        <fill/>
        <scale maxScale="80" x="0" y="16"/>
      </vehicleIcon>
      <vehicleName>
        <format size="13" align="center"/>
        <filter type="DropShadowFilter" size="3" angle="0" distance="0" color="0" alpha="100" strength="200"/>
      </vehicleName>
      <infoText>
        <format size="11" align="center" font="$FieldFont"/>
        <filter type="DropShadowFilter" size="3" angle="0" distance="0" color="0x000000" alpha="100" strength="200"/>
        <maxValue enabled="true"/>
      </infoText>
    </friend>
    <enemy>
      <combatScrollText>
        <enabled value="true"/>
        <speed value="2"/>
        <maxRange value="40"/>
        <textSize value="14"/>
        <message>Готов</message>
        <prefix>-</prefix>
        <postfix/>
        <filter type="DropShadowFilter" size="1" angle="45" distance="1" color="0x000000" alpha="100" strength="200"/>
      </combatScrollText>
      <currentHealth>
        <format size="11" align="center" bold="true"/>
        <filter type="DropShadowFilter" size="1" angle="45" distance="1" color="0x000000" alpha="100" strength="60"/>
        <maxValue enabled="true"/>
      </currentHealth>
      <healthBar>
        <border size="1" color="0x000000" alpha="50"/>
        <fill width="40" height="3" alpha="80"/>
        <damage fade="1" alpha="30"/>
      </healthBar>
      <healthRatio>
        <format size="11" align="center" bold="true"/>
        <filter type="DropShadowFilter" size="1" angle="45" distance="1" color="0x000000" alpha="100" strength="60"/>
      </healthRatio>
      <playerName>
        <format size="13" align="center"/>
        <filter type="DropShadowFilter" size="3" angle="0" distance="0" color="0x000000" alpha="100" strength="200"/>
      </playerName>
      <vehicleIcon>
        <fill/>
        <scale maxScale="80" x="0" y="16"/>
      </vehicleIcon>
      <vehicleName>
        <format size="13" align="center"/>
        <filter type="DropShadowFilter" size="3" angle="0" distance="0" color="0" alpha="100" strength="200"/>
      </vehicleName>
      <infoText>
        <format size="11" align="center" font="$FieldFont"/>
        <filter type="DropShadowFilter" size="3" angle="0" distance="0" color="0x000000" alpha="100" strength="200"/>
        <maxValue enabled="true"/>
      </infoText>
    </enemy>
  </components>
  <behavior>
    <friend>
      <alive>
        <normal>
          <actionMarker x="0" y="-55"/>
          <combatScrollText x="0" y="-55"/>
          <playerName x="-70" y="-42" alpha="100" visible="false"/>
          <vehicleName x="-70" y="-42" alpha="100" visible="true"/>
          <currentHealth x="-41" y="-57" alpha="100" visible="false"/>
          <healthRatio x="-41" y="-55" alpha="100" visible="false"/>
          <healthBar x="-21" y="-23" alpha="100" visible="true"/>
          <vehicleIcon x="0" y="-16" alpha="100" visible="true"/>
          <levelIcon x="0" y="-73" alpha="100" visible="false"/>
        </normal>
        <extended>
          <actionMarker x="0" y="-55"/>
          <combatScrollText x="0" y="-55"/>
          <playerName x="-70" y="-42" alpha="100" visible="true"/>
          <vehicleName x="-70" y="-42" alpha="100" visible="false"/>
          <currentHealth x="-41" y="-57" color="14286771" alpha="100" visible="true"/>
          <healthRatio x="-41" y="-70" color="10289016" alpha="100" visible="false"/>
          <healthBar x="-21" y="-23" alpha="100" visible="true"/>
          <vehicleIcon x="0" y="-16" alpha="100" visible="true"/>
          <levelIcon x="0" y="-73" alpha="100" visible="false"/>
          <infoText x="0" y="-50" color="{{c:eff}}" alpha="75" visible="true" format="{{rating}}" bold="true"/>
        </extended>
      </alive>
      <dead>
        <normal>
          <actionMarker x="0" y="-55"/>
          <combatScrollText x="0" y="-55"/>
          <playerName x="-70" y="-73" color="11726391" alpha="100" visible="false"/>
          <vehicleName x="-70" y="-55" color="0x7BEC37" alpha="100" visible="false"/>
          <currentHealth x="-41" y="-38" color="0xFFFFFF" alpha="100" visible="false"/>
          <healthRatio x="-41" y="-38" color="0xFFFFFF" alpha="100" visible="false"/>
          <healthBar x="-41" y="-38" alpha="100" visible="false"/>
          <vehicleIcon x="0" y="-16" alpha="100" visible="true"/>
          <levelIcon x="0" y="-21" alpha="100" visible="false"/>
        </normal>
        <extended>
          <actionMarker x="0" y="-55"/>
          <combatScrollText x="0" y="-55"/>
          <playerName x="-70" y="-48" color="11726391" alpha="80" visible="true"/>
          <vehicleName x="-70" y="-34" color="0x7BEC37" alpha="80" visible="true"/>
          <currentHealth x="-41" y="-38" color="0xFFFFFF" alpha="100" visible="false"/>
          <healthRatio x="-41" y="-38" color="0xFFFFFF" alpha="100" visible="false"/>
          <healthBar x="-41" y="-34" alpha="100" visible="false"/>
          <vehicleIcon x="0" y="-16" alpha="100" visible="true"/>
          <levelIcon x="0" y="-21" alpha="100" visible="false"/>
        </extended>
      </dead>
    </friend>
    <enemy>
      <alive>
        <normal>
          <actionMarker x="0" y="-55"/>
          <combatScrollText x="0" y="-55"/>
          <playerName x="-70" y="-42" alpha="100" visible="false"/>
          <vehicleName x="-70" y="-42" alpha="100" visible="true"/>
          <currentHealth x="-41" y="-57" color="{{c:hp-ratio}}" alpha="{{a:hp}}" visible="true"/>
          <healthRatio x="-41" y="-55" color="0xFFFFFF" alpha="100" visible="false"/>
          <healthBar x="-21" y="-23" alpha="100" visible="true"/>
          <vehicleIcon x="0" y="-16" alpha="100" visible="true"/>
          <levelIcon x="0" y="-73" alpha="100" visible="false"/>
        </normal>
        <extended>
          <actionMarker x="0" y="-55"/>
          <combatScrollText x="0" y="-55"/>
          <playerName x="-70" y="-42" alpha="100" visible="true"/>
          <vehicleName x="-70" y="-42" alpha="100" visible="false"/>
          <currentHealth x="-41" y="-57" color="{{c:hp-ratio}}" alpha="100" visible="true"/>
          <healthRatio x="-41" y="-70" color="16747660" alpha="100" visible="false"/>
          <healthBar x="-21" y="-23" alpha="100" visible="true"/>
          <vehicleIcon x="0" y="-16" alpha="100" visible="true"/>
          <levelIcon x="0" y="-73" alpha="100" visible="false"/>
          <infoText x="0" y="-50" color="{{c:eff}}" alpha="75" visible="true" format="{{rating}}" bold="true"/>
        </extended>
      </alive>
      <dead>
        <normal>
          <actionMarker x="0" y="-55"/>
          <combatScrollText x="0" y="-55"/>
          <playerName x="-70" y="-73" color="16739852" alpha="100" visible="false"/>
          <vehicleName x="-70" y="-55" color="0xEC3737" alpha="100" visible="false"/>
          <currentHealth x="-41" y="-38" color="0xFFFFFF" alpha="100" visible="false"/>
          <healthRatio x="-41" y="-38" color="0xFFFFFF" alpha="100" visible="false"/>
          <healthBar x="-21" y="-19" alpha="100" visible="false"/>
          <vehicleIcon x="0" y="-16" alpha="100" visible="true"/>
          <levelIcon x="0" y="-21" alpha="100" visible="false"/>
        </normal>
        <extended>
          <actionMarker x="0" y="-55"/>
          <combatScrollText x="0" y="-55"/>
          <playerName x="-70" y="-48" color="16739852" alpha="80" visible="true"/>
          <vehicleName x="-70" y="-34" color="0xEC3737" alpha="80" visible="true"/>
          <currentHealth x="-41" y="-38" color="0xFFFFFF" alpha="100" visible="false"/>
          <healthRatio x="-41" y="-38" color="0xFFFFFF" alpha="100" visible="false"/>
          <healthBar x="-21" y="-19" alpha="100" visible="false"/>
          <vehicleIcon x="0" y="-16" alpha="100" visible="true"/>
          <levelIcon x="0" y="-21" alpha="100" visible="false"/>
        </extended>
      </dead>
    </enemy>
  </behavior>
</overTargetMarkers>